{"errors":[],"startDate":1546300800000,"endDate":1577750400000,"queryResponseData":{"headers":["Web Analytics Site Medium","Page Views","Page Exits","New Visits","Time On Site Avg.","Visitor Bounce Rate","Daily Visitors"],"rows":[["(none)",210.0,180.0,163.0,28.93888888888889,0.9,174.0],["organic",215.0,192.0,136.0,35.46875,0.9010416666666666,176.0],["referral",84.0,73.0,59.0,36.93150684931507,0.8904109589041096,70.0]]},"forecastResponse":null,"forecastResponseData":null,"totalResponseData":[],"dateRanges":[],"forecastDateRanges":null,"duration":13,"hitFromCache":true}
