{"errors":[],"startDate":1546300800000,"endDate":1577750400000,"queryResponseData":{"headers":["Weekday","Page Views","Page Exits","Time On Site Avg.","Visitor Bounce Rate"],"rows":[["Monday",100.0,88.0,57.01136363636363,0.8863636363636364],["Tuesday",87.0,71.0,52.59154929577465,0.8873239436619719],["Wednesday",85.0,81.0,10.987654320987655,0.9506172839506173],["Thursday",79.0,67.0,40.76119402985075,0.8507462686567164],["Friday",82.0,71.0,22.845070422535212,0.9014084507042254],["Saturday",31.0,29.0,5.9655172413793105,0.9310344827586207],["Sunday",45.0,38.0,14.421052631578947,0.8947368421052632]]},"forecastResponse":null,"forecastResponseData":null,"totalResponseData":[],"dateRanges":[],"forecastDateRanges":null,"duration":16,"hitFromCache":true}
