{"errors":[],"startDate":1546300800000,"endDate":1577750400000,"queryResponseData":{"headers":["Web Analytics Site Medium","Page Views","Page Exits","Time On Site Avg.","Visitor Bounce Rate"],"rows":[["(none)",210.0,180.0,28.93888888888889,0.9],["organic",215.0,192.0,35.46875,0.9010416666666666],["referral",84.0,73.0,36.93150684931507,0.8904109589041096]]},"forecastResponse":null,"forecastResponseData":null,"totalResponseData":[],"dateRanges":[],"forecastDateRanges":null,"duration":13,"hitFromCache":true}
